{
  "backend": "triton",
  "rows": [
    {
      "code": "surface d=13 rotated_memory_z (p=0.003)",
      "decoder": "tridec min-sum BP",
      "fails": 675,
      "shots": 2000,
      "ler": 0.3375,
      "ler_ci95": [
        0.3171051904211198,
        0.35851787279904695
      ],
      "serving": {
        "max_sustained_qubits": 24,
        "max_sustained_seeds": [
          24,
          24,
          24
        ],
        "max_sustained_lo": 24,
        "max_sustained_hi": 24,
        "p99_at_max_ms": 333.20154305547453,
        "peak_throughput_per_s": 23548.004944853696,
        "sustained_at_sla": {
          "100ms": 16,
          "250ms": 16,
          "500ms": 24
        },
        "sweep": [
          {
            "K": 1,
            "active_frac": 1.0,
            "t_round_ms": 1.0,
            "emitted": 3000,
            "decoded": 3000,
            "decoded_during_load": 2994,
            "throughput_per_s": 996.3606744908797,
            "offered_per_s": 1000.0,
            "p50_ms": 8.48640687763691,
            "p99_ms": 11.184055246412752,
            "p999_ms": 12.702211922034738,
            "max_batch_used": 16,
            "max_backlog_rounds": 0,
            "overloaded": false
          },
          {
            "K": 2,
            "active_frac": 1.0,
            "t_round_ms": 1.0,
            "emitted": 6000,
            "decoded": 6000,
            "decoded_during_load": 5980,
            "throughput_per_s": 1986.3898223705728,
            "offered_per_s": 2000.0,
            "p50_ms": 8.465076796710491,
            "p99_ms": 11.19550809264183,
            "p999_ms": 13.47587439604149,
            "max_batch_used": 64,
            "max_backlog_rounds": 0,
            "overloaded": false
          },
          {
            "K": 3,
            "active_frac": 1.0,
            "t_round_ms": 1.0,
            "emitted": 9000,
            "decoded": 9000,
            "decoded_during_load": 8991,
            "throughput_per_s": 2988.2641926302467,
            "offered_per_s": 3000.0,
            "p50_ms": 10.137026198208332,
            "p99_ms": 13.482845835387707,
            "p999_ms": 13.81880968995393,
            "max_batch_used": 64,
            "max_backlog_rounds": 0,
            "overloaded": false
          },
          {
            "K": 4,
            "active_frac": 1.0,
            "t_round_ms": 1.0,
            "emitted": 12000,
            "decoded": 12000,
            "decoded_during_load": 11956,
            "throughput_per_s": 3970.9251142539547,
            "offered_per_s": 4000.0,
            "p50_ms": 10.197636671364307,
            "p99_ms": 13.542604092508554,
            "p999_ms": 14.389282019809345,
            "max_batch_used": 64,
            "max_backlog_rounds": 0,
            "overloaded": false
          },
          {
            "K": 6,
            "active_frac": 1.0,
            "t_round_ms": 1.0,
            "emitted": 18000,
            "decoded": 18000,
            "decoded_during_load": 17952,
            "throughput_per_s": 5957.808326921719,
            "offered_per_s": 6000.0,
            "p50_ms": 10.298710316419601,
            "p99_ms": 18.84308427572241,
            "p999_ms": 21.55839423276486,
            "max_batch_used": 256,
            "max_backlog_rounds": 0,
            "overloaded": false
          },
          {
            "K": 8,
            "active_frac": 1.0,
            "t_round_ms": 1.0,
            "emitted": 24000,
            "decoded": 24000,
            "decoded_during_load": 23856,
            "throughput_per_s": 7939.224670709462,
            "offered_per_s": 8000.0,
            "p50_ms": 15.705048106610775,
            "p99_ms": 21.67515467852354,
            "p999_ms": 22.30576542392374,
            "max_batch_used": 256,
            "max_backlog_rounds": 0,
            "overloaded": false
          },
          {
            "K": 12,
            "active_frac": 1.0,
            "t_round_ms": 1.0,
            "emitted": 36000,
            "decoded": 36000,
            "decoded_during_load": 35832,
            "throughput_per_s": 11912.237766691364,
            "offered_per_s": 12000.0,
            "p50_ms": 16.36813022196293,
            "p99_ms": 21.751151997596025,
            "p999_ms": 21.899140251800443,
            "max_batch_used": 256,
            "max_backlog_rounds": 0,
            "overloaded": false
          },
          {
            "K": 16,
            "active_frac": 1.0,
            "t_round_ms": 1.0,
            "emitted": 48000,
            "decoded": 48000,
            "decoded_during_load": 47824,
            "throughput_per_s": 15916.668302661863,
            "offered_per_s": 16000.0,
            "p50_ms": 16.403677873313427,
            "p99_ms": 21.771502811461694,
            "p999_ms": 22.436489615591288,
            "max_batch_used": 256,
            "max_backlog_rounds": 0,
            "overloaded": false
          },
          {
            "K": 24,
            "active_frac": 1.0,
            "t_round_ms": 1.0,
            "emitted": 72000,
            "decoded": 72000,
            "decoded_during_load": 65880,
            "throughput_per_s": 22149.385836946727,
            "offered_per_s": 24000.0,
            "p50_ms": 251.80838722735643,
            "p99_ms": 333.20154305547453,
            "p999_ms": 338.2481389809436,
            "max_batch_used": 4096,
            "max_backlog_rounds": 2,
            "overloaded": false
          },
          {
            "K": 32,
            "active_frac": 1.0,
            "t_round_ms": 1.0,
            "emitted": 96000,
            "decoded": 96000,
            "decoded_during_load": 67520,
            "throughput_per_s": 23548.004944853696,
            "offered_per_s": 32000.0,
            "p50_ms": 687.074325978756,
            "p99_ms": 1159.9598898924835,
            "p999_ms": 1186.9527702741364,
            "max_batch_used": 4096,
            "max_backlog_rounds": 666,
            "overloaded": true
          }
        ]
      }
    },
    {
      "code": "surface d=13 rotated_memory_z (p=0.003)",
      "decoder": "PyMatching MWPM (accurate)",
      "fails": 0,
      "shots": 2000,
      "ler": 0.0,
      "ler_ci95": [
        0.0,
        0.0019171176005129348
      ],
      "serving": {
        "max_sustained_qubits": 32,
        "max_sustained_seeds": [
          32,
          32,
          32
        ],
        "max_sustained_lo": 32,
        "max_sustained_hi": 32,
        "p99_at_max_ms": 457.81087316572666,
        "peak_throughput_per_s": 25438.27225877879,
        "sustained_at_sla": {
          "100ms": 16,
          "250ms": 16,
          "500ms": 32
        },
        "sweep": [
          {
            "K": 1,
            "active_frac": 1.0,
            "t_round_ms": 1.0,
            "emitted": 3000,
            "decoded": 3000,
            "decoded_during_load": 3000,
            "throughput_per_s": 999.4634066997216,
            "offered_per_s": 1000.0,
            "p50_ms": 0.5004219710826874,
            "p99_ms": 2.104308418929574,
            "p999_ms": 4.263732718303805,
            "max_batch_used": 16,
            "max_backlog_rounds": 0,
            "overloaded": false
          },
          {
            "K": 2,
            "active_frac": 1.0,
            "t_round_ms": 1.0,
            "emitted": 6000,
            "decoded": 6000,
            "decoded_during_load": 6000,
            "throughput_per_s": 1998.6577343669949,
            "offered_per_s": 2000.0,
            "p50_ms": 0.5037393420934677,
            "p99_ms": 1.539688315242531,
            "p999_ms": 4.3409661650662,
            "max_batch_used": 16,
            "max_backlog_rounds": 0,
            "overloaded": false
          },
          {
            "K": 3,
            "active_frac": 1.0,
            "t_round_ms": 1.0,
            "emitted": 9000,
            "decoded": 9000,
            "decoded_during_load": 9000,
            "throughput_per_s": 2998.0127293864366,