{
  "max_fleet": 512,
  "seeds": [
    512,
    512,
    512
  ],
  "lo": 512,
  "hi": 512,
  "last_sweep": [
    {
      "scale": 64,
      "fleet_K": 256,
      "overloaded": false,
      "p99_ms": 14.76186299987603
    },
    {
      "scale": 128,
      "fleet_K": 512,
      "overloaded": false,
      "p99_ms": 47.876270999950066
    },
    {
      "scale": 256,
      "fleet_K": 1024,
      "overloaded": true,
      "p99_ms": 1935.925732999749
    }
  ]
}