{
  "backend": "triton",
  "rows": [
    {
      "code": "surface d=13 rotated_memory_z (p=0.003)",
      "decoder": "tridec min-sum BP",
      "fails": 675,
      "shots": 2000,
      "ler": 0.3375,
      "ler_ci95": [
        0.3171051904211198,
        0.35851787279904695
      ],
      "serving": {
        "max_sustained_qubits": 32,
        "max_sustained_seeds": [
          32,
          32,
          32
        ],
        "max_sustained_lo": 32,
        "max_sustained_hi": 32,
        "p99_at_max_ms": 436.50542474031624,
        "peak_throughput_per_s": 28875.98545782409,
        "sustained_at_sla": {
          "100ms": 24,
          "250ms": 24,
          "500ms": 32
        },
        "sweep": [
          {
            "K": 1,
            "active_frac": 1.0,
            "t_round_ms": 1.0,
            "emitted": 3000,
            "decoded": 3000,
            "decoded_during_load": 2993,
            "throughput_per_s": 993.3049649453416,
            "offered_per_s": 1000.0,
            "p50_ms": 5.750092499965831,
            "p99_ms": 7.999956239837047,
            "p999_ms": 8.599989480819696,
            "max_batch_used": 16,
            "max_backlog_rounds": 0,
            "overloaded": false
          },
          {
            "K": 2,
            "active_frac": 1.0,
            "t_round_ms": 1.0,
            "emitted": 6000,
            "decoded": 6000,
            "decoded_during_load": 5992,
            "throughput_per_s": 1996.370586959891,
            "offered_per_s": 2000.0,
            "p50_ms": 5.663700000241079,
            "p99_ms": 8.012562090689244,
            "p999_ms": 8.199133088771921,
            "max_batch_used": 16,
            "max_backlog_rounds": 0,
            "overloaded": false
          },
          {
            "K": 3,
            "active_frac": 1.0,
            "t_round_ms": 1.0,
            "emitted": 9000,
            "decoded": 9000,
            "decoded_during_load": 8988,
            "throughput_per_s": 2994.414698924451,
            "offered_per_s": 3000.0,
            "p50_ms": 5.794237500595045,
            "p99_ms": 7.993345340328233,
            "p999_ms": 8.611833384200512,
            "max_batch_used": 64,
            "max_backlog_rounds": 0,
            "overloaded": false
          },
          {
            "K": 4,
            "active_frac": 1.0,
            "t_round_ms": 1.0,
            "emitted": 11996,
            "decoded": 11996,
            "decoded_during_load": 11980,
            "throughput_per_s": 3991.756928770761,
            "offered_per_s": 3998.6666666666665,
            "p50_ms": 5.9355889998187195,
            "p99_ms": 8.6592131992802,
            "p999_ms": 10.514572465112954,
            "max_batch_used": 64,
            "max_backlog_rounds": 0,
            "overloaded": false
          },
          {
            "K": 6,
            "active_frac": 1.0,
            "t_round_ms": 1.0,
            "emitted": 18000,
            "decoded": 18000,
            "decoded_during_load": 17952,
            "throughput_per_s": 5956.992610216268,
            "offered_per_s": 6000.0,
            "p50_ms": 6.954385500193894,
            "p99_ms": 9.358249469723884,
            "p999_ms": 10.633820478997295,
            "max_batch_used": 64,
            "max_backlog_rounds": 0,
            "overloaded": false
          },
          {
            "K": 8,
            "active_frac": 1.0,
            "t_round_ms": 1.0,
            "emitted": 23992,
            "decoded": 23992,
            "decoded_during_load": 23952,
            "throughput_per_s": 7942.089256472701,
            "offered_per_s": 7997.333333333333,
            "p50_ms": 6.971050999709405,
            "p99_ms": 9.350381639978878,
            "p999_ms": 9.684938203340774,
            "max_batch_used": 64,
            "max_backlog_rounds": 0,
            "overloaded": false
          },
          {
            "K": 12,
            "active_frac": 1.0,
            "t_round_ms": 1.0,
            "emitted": 36000,
            "decoded": 36000,
            "decoded_during_load": 35820,
            "throughput_per_s": 11916.276594164621,
            "offered_per_s": 12000.0,
            "p50_ms": 10.811117000230297,
            "p99_ms": 17.18607986007556,
            "p999_ms": 17.591140020896496,
            "max_batch_used": 256,
            "max_backlog_rounds": 0,
            "overloaded": false
          },
          {
            "K": 16,
            "active_frac": 1.0,
            "t_round_ms": 1.0,
            "emitted": 48000,
            "decoded": 48000,
            "decoded_during_load": 47776,
            "throughput_per_s": 15886.740330268969,
            "offered_per_s": 16000.0,
            "p50_ms": 12.99313049958073,
            "p99_ms": 17.296538060472834,
            "p999_ms": 17.62591585626027,
            "max_batch_used": 256,
            "max_backlog_rounds": 0,
            "overloaded": false
          },
          {
            "K": 24,
            "active_frac": 1.0,
            "t_round_ms": 1.0,
            "emitted": 72000,
            "decoded": 72000,
            "decoded_during_load": 71592,
            "throughput_per_s": 23827.56348133818,
            "offered_per_s": 24000.0,
            "p50_ms": 13.085871499697532,
            "p99_ms": 17.401530930501387,
            "p999_ms": 17.762584446232758,
            "max_batch_used": 256,
            "max_backlog_rounds": 0,
            "overloaded": false
          },
          {
            "K": 32,
            "active_frac": 1.0,
            "t_round_ms": 1.0,
            "emitted": 96000,
            "decoded": 96000,
            "decoded_during_load": 83456,
            "throughput_per_s": 28787.51076299596,
            "offered_per_s": 32000.0,
            "p50_ms": 297.82393549976405,
            "p99_ms": 436.50542474031624,
            "p999_ms": 451.50552235250893,
            "max_batch_used": 4096,
            "max_backlog_rounds": 174,
            "overloaded": false
          },
          {
            "K": 48,
            "active_frac": 1.0,
            "t_round_ms": 1.0,
            "emitted": 144000,
            "decoded": 144000,
            "decoded_during_load": 83904,
            "throughput_per_s": 28833.752363780062,
            "offered_per_s": 48000.0,
            "p50_ms": 1091.9691124995552,
            "p99_ms": 2025.0187537598597,
            "p999_ms": 2956.9351221707443,
            "max_batch_used": 4096,
            "max_backlog_rounds": 1097,
            "overloaded": true
          }
        ]
      }
    },
    {
      "code": "surface d=13 rotated_memory_z (p=0.003)",
      "decoder": "PyMatching MWPM (accurate)",
      "fails": 0,
      "shots": 2000,
      "ler": 0.0,
      "ler_ci95": [
        0.0,
        0.0019171176005129348
      ],
      "serving": {
        "max_sustained_qubits": 32,
        "max_sustained_seeds": [
          32,
          32,
          32
        ],
        "max_sustained_lo": 32,
        "max_sustained_hi": 32,
        "p99_at_max_ms": 395.2836799999204,
        "peak_throughput_per_s": 30997.492536301983,
        "sustained_at_sla": {
          "100ms": 24,
          "250ms": 24,
          "500ms": 32
        },
        "sweep": [
          {
            "K": 1,
            "active_frac": 1.0,
            "t_round_ms": 1.0,
            "emitted": 3000,
            "decoded": 3000,
            "decoded_during_load": 3000,
            "throughput_per_s": 999.4975728931148,
            "offered_per_s": 1000.0,
            "p50_ms": 0.36265850030758884,
            "p99_ms": 0.7579085898032583,
            "p999_ms": 1.429448552085037,
            "max_batch_used": 16,
            "max_backlog_rounds": 0,
            "overloaded": false
          },
          {
            "K": 2,
            "active_frac": 1.0,
            "t_round_ms": 1.0,
            "emitted": 6000,
            "decoded": 6000,
            "decoded_during_load": 6000,