{
  "t_round_ms": 1.0,
  "model_qubits_per_gpu": {
    "Metal": {
      "relay": 13.811598887771366,
      "bp": 46.21277505876463
    },
    "H200": {
      "relay": 17.615101741652936,
      "bp": 1008.3058282358411
    },
    "MI300X": {
      "relay": 10.943138973470981,
      "bp": 1176.9080035832696
    }
  },
  "live_max_sustained": {
    "Metal": {
      "relay": 12,
      "bp": 32
    },
    "H200": {
      "relay": 16,
      "bp": 256
    },
    "MI300X": {
      "relay": 8,
      "bp": 256
    }
  }
}